<?xml version="1.0" encoding="UTF-8"?>
<beans xmlns="http://www.springframework.org/schema/beans"
       xmlns:xsi="http://www.w3.org/2001/XMLSchema-instance"
       xmlns:security="http://www.springframework.org/schema/security"
       xsi:schemaLocation="http://www.springframework.org/schema/beans http://www.springframework.org/schema/beans/spring-beans.xsd http://www.springframework.org/schema/security http://www.springframework.org/schema/security/spring-security.xsd">
<!--静态资源过滤-->
    <security:http pattern="/css/**" security="none"/>
    <security:http pattern="/img/**" security="none"/>
    <security:http pattern="/js/**" security="none"/>
    <security:http pattern="/plugins/**" security="none"/>
    <security:http pattern="/login.html" security="none"/>
    <security:http pattern="/user/loginFail.do" security="none"/>
<!--  拦截规则  -->
    <security:http auto-config="true" use-expressions="true">
        <security:intercept-url pattern="/**" access="isAuthenticated()"/>
    <!--  页面嵌套的访问策略  -->
        <security:headers>
            <security:frame-options policy="SAMEORIGIN"/>
        </security:headers>
    <!--  登陆页面配置  -->
        <security:form-login login-page="/login.html"
                             login-processing-url="/login.do"
                             authentication-failure-url="/user/loginFail.do"
                             username-parameter="username"
                             password-parameter="password"
                             default-target-url="/user/loginSuccess.do"
                             always-use-default-target="true"/>
    <!--  关闭csrf  -->
        <security:csrf disabled="true"/>
    <!--  退出登陆配置  -->
        <security:logout logout-success-url="/login.html" invalidate-session="true" logout-url="/logout.do"/>
    </security:http>
<!--  认证管理器  -->
    <security:authentication-manager>
        <security:authentication-provider user-service-ref="springSecurityUserService">
            <security:password-encoder ref="encoder"/>
        </security:authentication-provider>
    </security:authentication-manager>
<!--  开启注解支持  -->
    <security:global-method-security pre-post-annotations="enabled"/>

<!--  加密器注册  -->
    <bean id="encoder" class="org.springframework.security.crypto.bcrypt.BCryptPasswordEncoder"/>
</beans>