<?xml version="1.0" encoding="UTF-8" ?>
<!DOCTYPE mapper PUBLIC "-//mybatis.org//DTD Mapper 3.0//EN"
        "http://mybatis.org/dtd/mybatis-3-mapper.dtd" >
<mapper namespace="com.itheima.health.dao.OrderDao" >
    <resultMap id="baseResultMap" type="order">
        <id column="id" property="id"/>
        <result column="member_id" property="memberId"/>
        <result column="orderDate" property="orderDate"/>
        <result column="orderType" property="orderType"/>
        <result column="orderStatus" property="orderStatus"/>
        <result column="setmeal_id" property="setmealId"/>
    </resultMap>
    <!--新增-->
    <insert id="add" parameterType="order">
        <selectKey resultType="java.lang.Integer" order="AFTER" keyProperty="id">
            SELECT LAST_INSERT_ID()
        </selectKey>
        insert into t_order(member_id,orderDate,orderType,orderStatus,setmeal_id)
        values (#{memberId},#{orderDate},#{orderType},#{orderStatus},#{setmealId})
    </insert>

    <!--动态条件查询-->
    <select id="findByCondition" parameterType="order" resultMap="baseResultMap">
        select * from t_order
        <where>
            <if test="id != null">
                and id = #{id}
            </if>
            <if test="memberId != null">
                and member_id = #{memberId}
            </if>
            <if test="orderDate != null">
                and orderDate = #{orderDate}
            </if>
            <if test="orderType != null">
                and orderType = #{orderType}
            </if>
            <if test="orderStatus != null">
                and orderStatus = #{orderStatus}
            </if>
            <if test="setmealId != null">
                and setmeal_id = #{setmealId}
            </if>
        </where>
    </select>

    <!--根据预约id查询预约信息，包括体检人信息、套餐信息-->
    <select id="findById4Detail" parameterType="int" resultType="map">
        select
            m.name member, s.name setmeal,DATE_FORMAT(o.orderDate,'%Y-%m-%d') orderDate,o.orderType
        From
        t_member m, t_order o, t_setmeal s
        where m.id=o.member_id and o.setmeal_id=s.id
        and o.id=#{id}
    </select>

    <!--根据日期统计预约数-->
    <select id="findOrderCountByDate" parameterType="string" resultType="int">
        select count(id) from t_order where orderDate = #{value}
    </select>

    <!--根据日期统计预约数，统计指定日期之后的预约数-->
    <select id="findOrderCountAfterDate" parameterType="string" resultType="int">
        select count(id) from t_order where orderDate &gt;= #{value}
    </select>

    <!--根据日期统计到诊数-->
    <select id="findVisitsCountByDate" parameterType="string" resultType="int">
        select count(id) from t_order where orderDate = #{value} and orderStatus = '已到诊'
    </select>

    <!--根据日期统计到诊数，统计指定日期之后的到诊数-->
    <select id="findVisitsCountAfterDate" parameterType="string" resultType="int">
        select count(id) from t_order where orderDate &gt;= #{value} and orderStatus = '已到诊'
    </select>

    <!--热门套餐，查询前4条-->
    <select id="findHotSetmeal" resultType="map">
        select s.name,t.setmeal_count,t.setmeal_count/t1.total proportion,s.remark from (
            select setmeal_id,count(1) setmeal_count from t_order group by setmeal_id
        ) t, (select count(1) total from t_order) t1, t_setmeal s
        where s.id=t.setmeal_id
        order by t.setmeal_count desc limit 0,4
    </select>

    <select id="findOrderCountBetweenDate" parameterType="String" resultType="int">
        select count(1) from t_order where orderDate between #{startDate} and #{endDate}
    </select>
</mapper>