<?xml version="1.0" encoding="UTF-8" ?>
<!DOCTYPE mapper
        PUBLIC "-//mybatis.org//DTD Mapper 3.0//EN"
        "http://mybatis.org/dtd/mybatis-3-mapper.dtd">

<mapper namespace="com.itheima.health.dao.SetmealDao">
    <insert id="add" parameterType="setmeal">
        <selectKey resultType="int" keyProperty="id" order="AFTER">
            select last_insert_id()
        </selectKey>
        insert into t_setmeal (name,code,helpCode,sex,age,price,remark,attention,img)
        values(#{name},#{code},#{helpCode},#{sex},#{age},#{price},#{remark},#{attention},#{img})
    </insert>

    <insert id="addSetmealCheckgroup" parameterType="int">
        insert into t_setmeal_checkgroup (setmeal_id,checkgroup_id)
        values(#{setmealId},#{checkgroupId})
    </insert>

    <select id="findByCondition" parameterType="String" resultType="setmeal">
        select * from t_setmeal
        <where>
            <if test="value != null and value.length > 0">
                code like #{queryString} or name like #{queryString} or helpCode like #{queryString}
            </if>
        </where>
    </select>

    <select id="findById" parameterType="int" resultType="setmeal">
        select * from t_setmeal where id=#{id}
    </select>

    <select id="findCheckGroupIdsBySetmealId" parameterType="int" resultType="int">
        select checkgroup_id from t_setmeal_checkgroup where setmeal_id=#{id}
    </select>

    <update id="update" parameterType="setmeal">
        update t_setmeal
        set
            name=#{name},
            code=#{code},
            helpCode=#{helpCode},
            sex=#{sex},
            age=#{age},
            price=#{price},
            remark=#{remark},
            attention=#{attention},
            img=#{img}
        where id=#{id}
    </update>

    <delete id="deleteSetmealCheckGroup" parameterType="int">
        delete from t_setmeal_checkgroup where setmeal_id=#{id}
    </delete>

    <select id="findCountBySetmealId" parameterType="int" resultType="int">
        select count(1) from t_order where setmeal_id=#{id}
    </select>

    <delete id="deleteById" parameterType="int">
        delete from t_setmeal where id=#{id}
    </delete>

    <select id="findImgs" resultType="string">
        select img from t_setmeal
    </select>

    <select id="findAll" resultType="setmeal">
        select * from t_setmeal
    </select>

    <select id="findDetailById" parameterType="int" resultMap="setmealDetailMap">
        select s.*,
         sc.checkgroup_id,c.name checkgroup_name, c.remark checkgroup_remark,
         cc.checkitem_id,ci.name checkitem_name
         from
        t_setmeal s
        left join t_setmeal_checkgroup sc on s.id=sc.setmeal_id
        left join t_checkgroup c on sc.checkgroup_id=c.id
        left join t_checkgroup_checkitem cc on c.id=cc.checkgroup_id
        left join t_checkitem ci on cc.checkitem_id=ci.id
        where s.id=#{id}
    </select>
    <resultMap id="setmealDetailMap" type="setmeal">
        <id property="id" column="id"/>
        <result property="name" column="name"/>
        <result property="code" column="code"/>
        <result property="helpCode" column="helpCode"/>
        <result property="sex" column="sex"/>
        <result property="age" column="age"/>
        <result property="price" column="price"/>
        <result property="remark" column="remark"/>
        <result property="attention" column="attention"/>
        <result property="img" column="img"/>
        <collection property="checkGroups" ofType="CheckGroup">
            <id property="id" column="checkgroup_id"/>
            <result property="name" column="checkgroup_name"/>
            <result property="remark" column="checkgroup_remark"/>
            <collection property="checkItems" ofType="CheckItem">
                <id property="id" column="checkitem_id"/>
                <result property="name" column="checkitem_name"/>
            </collection>
        </collection>
    </resultMap>

    <select id="findDetailById2" parameterType="int" resultMap="setmealDetailMap2">
        select * from t_setmeal where id=#{id}
    </select>

    <resultMap id="setmealDetailMap2" type="setmeal">
        <id property="id" column="id"/>
        <result property="name" column="name"/>
        <result property="code" column="code"/>
        <result property="helpCode" column="helpCode"/>
        <result property="sex" column="sex"/>
        <result property="age" column="age"/>
        <result property="price" column="price"/>
        <result property="remark" column="remark"/>
        <result property="attention" column="attention"/>
        <result property="img" column="img"/>
        <collection property="checkGroups" column="id"
                    select="com.itheima.health.dao.CheckGroupDao.findCheckGroupListById">
        </collection>
    </resultMap>

    <!--根据套餐id查询检查项信息-->
    <select id="findCheckGroupBySetmealId" resultType="checkgroup">
        select * from t_checkgroup  where id
        in (select checkgroup_id from t_setmeal_checkgroup where setmeal_id=#{id})
    </select>

    <!--根据检查组id查询检查项信息-->
    <select id="findCheckItemsByCheckGroupId" resultType="com.itheima.health.pojo.CheckItem">
        select * from t_checkitem  where id
        in (select checkitem_id from t_checkgroup_checkitem where checkgroup_id=#{id})
    </select>

    <select id="getSetmealReport" resultType="map">
        select s.name,count(1) value from t_setmeal s, t_order o
        where s.id=o.setmeal_id group by s.id,s.name
    </select>
</mapper>