<?xml version="1.0" encoding="UTF-8" ?>
<!DOCTYPE mapper PUBLIC "-//mybatis.org//DTD Mapper 3.0//EN"
        "http://mybatis.org/dtd/mybatis-3-mapper.dtd" >
<mapper namespace="com.itheima.health.dao.UserDao" >
    <select id="findByUsername" parameterType="String" resultMap="userRolePermissionResultMap">
        select u.id,u.username,u.`password`,
            ur.role_id, r.name role_name, r.keyword role_keyword,
            rp.permission_id, p.name permission_name,p.keyword permission_keyword
        from t_user u
        left join t_user_role ur on u.id=ur.user_id
        left join t_role r on ur.role_id = r.id
        left join t_role_permission rp on r.id=rp.role_id
        left join t_permission p on rp.permission_id=p.id
        where u.username=#{username}
    </select>
    <resultMap id="userRolePermissionResultMap" type="User">
        <id property="id" column="id"/>
        <result property="username" column="username"/>
        <result property="password" column="password"/>
        <collection property="roles" ofType="Role">
            <id property="id" column="role_id"/>
            <result property="name" column="role_name"/>
            <result property="keyword" column="role_keyword"/>
            <collection property="permissions" ofType="Permission">
                <id property="id" column="permission_id"/>
                <result property="name" column="permission_name"/>
                <result property="keyword" column="permission_keyword"/>
            </collection>
        </collection>
    </resultMap>
</mapper>